Filename,Airline_1,Airline_2,FlightState,TimeOfDay
imagesCUBE/united_morning_takeoff.jpg,United Airlines,,Takeoff,Morning
imagesCUBE/southwest_dusk_landing.jpg,Southwest,,Landing,Dusk
imagesCUBE/jetblue_dawn_taxiing.jpg,JetBlue,,Taxiing,Dawn
imagesCUBE/alaska_day_cruising.jpg,Alaska Airlines,,Cruising,Day
imagesCUBE/lufthansa_night_approach.jpg,Lufthansa,,Approach,Night
imagesCUBE/emirates_afternoon_parking.jpg,Emirates,,Parking,Afternoon
imagesCUBE/british_airways_evening_boarding.jpg,British Airways,,Boarding,Evening
imagesCUBE/delta_united_day_maintenance.jpg,Delta,United Airlines,Maintenance,Day
imagesCUBE/american_qatar_night_refueling.jpg,American Airlines,Qatar Airways,Refueling,Night
